INSERT INTO `author` (`authid`, `authlastname`, `authfirstname`, `authbirthdate`) VALUES ('1', 'Katsuhiko', 'Ogata', '1944-08-11');
INSERT INTO `author` (`authid`, `authlastname`, `authfirstname`, `authbirthdate`) VALUES ('2', 'Dorf', 'Richard', '1962-09-02');
INSERT INTO `author` (`authid`, `authlastname`, `authfirstname`, `authbirthdate`) VALUES ('3', 'Tannenbaum', 'Andrew', '1935-12-20');
INSERT INTO `author` (`authid`, `authlastname`, `authfirstname`, `authbirthdate`) VALUES ('4', 'Varoufakis', 'Gianis', '1981-05-27');
INSERT INTO `author` (`authid`, `authlastname`, `authfirstname`, `authbirthdate`) VALUES ('5', 'Venezis', 'Hlias', '1920-02-15');
INSERT INTO `publisher` (`pubname`, `estyear`, `pubstreet`, `pubnumber`, `pubpostcode`) VALUES ('Giourdas', 1972, 'Trikouph', '1', '15822');
INSERT INTO `publisher` (`pubname`, `estyear`, `pubstreet`, `pubnumber`, `pubpostcode`) VALUES ('Tziolas', 1960, 'Stournarh', '2', '17975');
INSERT INTO `publisher` (`pubname`, `estyear`, `pubstreet`, `pubnumber`, `pubpostcode`) VALUES ('Patakis', 1948, 'Akadhmias', '3', '16771');
INSERT INTO `publisher` (`pubname`, `estyear`, `pubstreet`, `pubnumber`, `pubpostcode`) VALUES ('Fountas', 1978, 'Stadiou', '4', '19842');
INSERT INTO `publisher` (`pubname`, `estyear`, `pubstreet`, `pubnumber`, `pubpostcode`) VALUES ('Routledge', 2000, 'Washington', '5', '25111');
INSERT INTO `book` (`ISBN`, `title`, `pubyear`, `numpages`, `pubname`) VALUES ('15521', 'Database Systems', 2001, '658', 'Giourdas');
INSERT INTO `book` (`ISBN`, `title`, `pubyear`, `numpages`, `pubname`) VALUES ('14882', 'Aiolikh Gh', 1980, '420', 'Patakis');
INSERT INTO `book` (`ISBN`, `title`, `pubyear`, `numpages`, `pubname`) VALUES ('13779', 'Foundation of Economics', 2015, '320', 'Routledge');
INSERT INTO `book` (`ISBN`, `title`, `pubyear`, `numpages`, `pubname`) VALUES ('11888', 'Control Systems', 1988, '750', 'Fountas');
INSERT INTO `book` (`ISBN`, `title`, `pubyear`, `numpages`, `pubname`) VALUES ('14884', 'Modern Control Systems', 1995, '1005', 'Tziolas');
INSERT INTO `employee` (`empid`, `salary`, `emplastname`, `empfirstname`) VALUES ('1', '850', 'Koukos', 'Nikolaos');
INSERT INTO `employee` (`empid`, `salary`, `emplastname`, `empfirstname`) VALUES ('2', '1000', 'Stamath', 'Dhmhtra');
INSERT INTO `employee` (`empid`, `salary`, `emplastname`, `empfirstname`) VALUES ('3', '500', 'Apentaros', 'Ioannis');
INSERT INTO `employee` (`empid`, `salary`, `emplastname`, `empfirstname`) VALUES ('4', '1200', 'Eutyxidou', 'Katerina');
INSERT INTO `employee` (`empid`, `salary`, `emplastname`, `empfirstname`) VALUES ('5', '2000', 'Sthmenos', 'Axilleas');
INSERT INTO `permanent` (`empid`, `hiringdate`) VALUES ('1', '1998-12-15');
INSERT INTO `permanent` (`empid`, `hiringdate`) VALUES ('3', '2017-08-10');
INSERT INTO `permanent` (`empid`, `hiringdate`) VALUES ('4', '2019-04-24');
INSERT INTO `temporary` (`empid`, `contractnr`) VALUES ('2', '1558');
INSERT INTO `temporary` (`empid`, `contractnr`) VALUES ('5', '2015');
INSERT INTO `member` (`memid`, `memfirstname`, `memlastname`, `membirthdate`, `memstreet`, `memnr`, `mempostcode`) VALUES ('1', 'Vaggelis', 'Ioannou', '1977-05-12', 'Oulwf Palme', '512', '15772');
INSERT INTO `member` (`memid`, `memfirstname`, `memlastname`, `membirthdate`, `memstreet`, `memnr`, `mempostcode`) VALUES ('2', 'Dimitris', 'Xatzhgewrgiou', '1982-09-18', 'Mixalakopoulou', '256', '14863');
INSERT INTO `member` (`memid`, `memfirstname`, `memlastname`, `membirthdate`, `memstreet`, `memnr`, `mempostcode`) VALUES ('3', 'Eleni', 'Akrita', '1998-10-15', 'Kanari', '128', '11782');
INSERT INTO `member` (`memid`, `memfirstname`, `memlastname`, `membirthdate`, `memstreet`, `memnr`, `mempostcode`) VALUES ('4', 'Spyros', 'Gewrgiou', '2002-01-01', 'Kousidh', '64', '12005');
INSERT INTO `member` (`memid`, `memfirstname`, `memlastname`, `membirthdate`, `memstreet`, `memnr`, `mempostcode`) VALUES ('5', 'Eugenia', 'Zwidou', '1965-12-29', 'Hrwwn Polutexneiou', '16', '14559');
INSERT INTO `written_by` (`ISBN`, `authid`) VALUES ('11888', '1');
INSERT INTO `written_by` (`ISBN`, `authid`) VALUES ('13779', '4');
INSERT INTO `written_by` (`ISBN`, `authid`) VALUES ('14882', '5');
INSERT INTO `written_by` (`ISBN`, `authid`) VALUES ('15521', '3');
INSERT INTO `written_by` (`ISBN`, `authid`) VALUES ('14884', '2');
INSERT INTO `copy` (`ISBN`, `copynr`, `shelf`) VALUES ('11888', '3', '188');
INSERT INTO `copy` (`ISBN`, `copynr`, `shelf`) VALUES ('14884', '8', '333');
INSERT INTO `copy` (`ISBN`, `copynr`, `shelf`) VALUES ('14882', '12', '172');
INSERT INTO `copy` (`ISBN`, `copynr`, `shelf`) VALUES ('15521', '1', '208');
INSERT INTO `copy` (`ISBN`, `copynr`, `shelf`) VALUES ('13779', '3', '551');
INSERT INTO `category` (`catname`) VALUES ('Computer Science');
INSERT INTO `category` (`catname`) VALUES ('General');
INSERT INTO `category` (`catname`, `maincatname`) VALUES ('History', 'General');
INSERT INTO `category` (`catname`, `maincatname`) VALUES ('University Books', 'General');
INSERT INTO `category` (`catname`, `maincatname`) VALUES ('Economics', 'General');
INSERT INTO `belongs_to` (`ISBN`, `catname`) VALUES ('11888', 'University Books');
INSERT INTO `belongs_to` (`ISBN`, `catname`) VALUES ('13779', 'Economics');
INSERT INTO `belongs_to` (`ISBN`, `catname`) VALUES ('14882', 'History');
INSERT INTO `belongs_to` (`ISBN`, `catname`) VALUES ('14884', 'University Books');
INSERT INTO `belongs_to` (`ISBN`, `catname`) VALUES ('15521', 'University Books');
INSERT INTO `borrows` (`memid`, `copynr`, `ISBN`, `date_of_borrowing`, `date_of_return`, `due_date`) VALUES ('2', '3', '11888', '2018-05-19', '2018-06-19', '2018-06-19');
INSERT INTO `borrows` (`memid`, `copynr`, `ISBN`, `date_of_borrowing`, `date_of_return`, `due_date`) VALUES ('4', '8', '14884', '2019-08-25', '2019-09-22', '2019-09-25');
INSERT INTO `borrows` (`memid`, `copynr`, `ISBN`, `date_of_borrowing`, `date_of_return`, `due_date`) VALUES ('1', '12', '14882', '2019-08-23', '2019-09-10', '2019-09-23');
INSERT INTO `borrows` (`memid`, `copynr`, `ISBN`, `date_of_borrowing`, `date_of_return`, `due_date`) VALUES ('3', '3', '13779', '2017-07-12', '2017-07-19', '2017-08-12');
INSERT INTO `borrows` (`memid`, `copynr`, `ISBN`, `date_of_borrowing`, `date_of_return`, `due_date`) VALUES ('5', '1', '15521', '2019-05-30', '2019-07-30', '2019-06-30');
INSERT INTO `reminder` (`empid`, `memid`, `ISBN`, `copynr`, `date_of_borrowing`, `date_of_reminder`) VALUES ('1', '2', '11888', '3', '2018-05-19', '2018-06-12');
INSERT INTO `reminder` (`empid`, `memid`, `ISBN`, `copynr`, `date_of_borrowing`, `date_of_reminder`) VALUES ('3', '1', '14882', '12', '2019-08-23', '2019-09-23');
INSERT INTO `reminder` (`empid`, `memid`, `ISBN`, `copynr`, `date_of_borrowing`, `date_of_reminder`) VALUES ('3', '4', '14884', '8', '2019-08-25', '2019-09-25');
INSERT INTO `reminder` (`empid`, `memid`, `ISBN`, `copynr`, `date_of_borrowing`, `date_of_reminder`) VALUES ('2', '5', '15521', '1', '2019-05-30', '2019-06-29');
INSERT INTO `reminder` (`empid`, `memid`, `ISBN`, `copynr`, `date_of_borrowing`, `date_of_reminder`) VALUES ('4', '3', '13779', '3', '2017-07-12', '2017-08-10');